Year,Jan,Feb,Mar,Apr,May,Jun,Jul,Aug,Sep,Oct,Nov,Dec
2000,169.3,170,171,170.9,171.2,172.2,172.7,172.7,173.6,173.9,174.2,174.6
2001,175.6,176,176.1,176.4,177.3,177.7,177.4,177.4,178.1,177.6,177.5,177.4
2002,177.7,178,178.5,179.3,179.5,179.6,180,180.5,180.8,181.2,181.5,181.8
2003,182.6,183.6,183.9,183.2,182.9,183.1,183.7,184.5,185.1,184.9,185,185.5
2004,186.3,186.7,187.1,187.4,188.2,188.9,189.1,189.2,189.8,190.8,191.7,191.7
2005,191.6,192.4,193.1,193.7,193.6,193.7,194.9,196.1,198.8,199.1,198.1,198.1
2006,199.3,199.4,199.7,200.7,201.3,201.8,202.9,203.8,202.8,201.9,202,203.1
2007,203.437,204.226,205.288,205.904,206.755,207.234,207.603,207.667,208.547,209.19,210.834,211.445
2008,212.174,212.687,213.448,213.942,215.208,217.463,219.016,218.69,218.877,216.995,213.153,211.398
2009,211.933,212.705,212.495,212.709,213.022,214.79,214.726,215.445,215.861,216.509,217.234,217.347
2010,217.488,217.281,217.353,217.403,217.29,217.199,217.605,217.923,218.275,219.035,219.59,220.472
2011,221.148,221.904,223.044,224.06,224.869,224.841,225.419,226.082,226.676,226.811,227.157,227.145
2012,227.759,228.285,228.866,229.172,228.785,228.626,228.584,229.911,231.104,231.741,231.202,231.165
2013,230.28,232.166,232.773,232.531,232.945,233.504,233.596,233.877,234.149,233.546,233.069,233.049
2014,233.916,234.781,236.293,237.072,237.9,238.343,238.25,237.852,238.031,237.433,236.151,234.812
2015,233.707,234.722,236.119,236.599,237.805,238.638,238.654,238.316,237.945,237.838,237.336,236.525
2016,236.916,237.111,238.132,239.261,240.229,241.018,240.628,240.849,241.428,241.729,241.353,241.432
2017,242.839,243.603,243.801,244.524,244.733,244.955,244.786,245.519,246.819,246.663,246.669,246.524
2018,247.867,248.991,249.554,250.546,251.588,251.989,252.006,252.146,252.439,252.885,252.038,251.233
2019,251.712,252.776,254.202,255.548,256.092,256.143,256.571,256.558,256.759,257.346,257.208,256.974
2020,257.971,258.678,,,,,,,,,,
2021,,,,,,,,,,,,
2022,,,,,,,,,,,,
2023,,,,,,,,,,,,
2024,,,,,,,,,,,,
2025,,,,,,,,,,,,